DELIMITER ;
INSERT INTO `ds` (`table_name`, `title`, `reorderfield`, `use_history`, `searchfield`, `displayfield`, `sortfield`, `searchany`, `hint`, `overview_tpl`, `sync_table`, `writetable`, `globalsearch`, `listselectionmodel`, `sync_view`, `syncable`, `cssstyle`, `alternativeformxtype`, `read_table`, `class_name`, `special_add_panel`, `existsreal`, `character_set_name`, `read_filter`, `listxtypeprefix`, `phpexporter`, `phpexporterfilename`, `combined`, `default_pagesize`, `allowForm`, `listviewbaseclass`, `showactionbtn`, `modelbaseclass`) VALUES ('view_blocksystem_status','Blocksystem: Statusübersicht',NULL,NULL,'name','name','name',NULL,NULL,NULL,NULL,NULL,NULL,'cellmodel',NULL,NULL,NULL,NULL,NULL,'Wahlsystem',NULL,1,NULL,NULL,NULL,'XlsxWriter','view_blocksystem_status-{DATE}',0,1000,1,'Tualo.DataSets.ListView',1,'Tualo.DataSets.model.Basic') ON DUPLICATE KEY UPDATE title=VALUES(title), reorderfield=VALUES(reorderfield), use_history=VALUES(use_history), searchfield=VALUES(searchfield), displayfield=VALUES(displayfield), sortfield=VALUES(sortfield), searchany=VALUES(searchany), hint=VALUES(hint), overview_tpl=VALUES(overview_tpl), sync_table=VALUES(sync_table), writetable=VALUES(writetable), globalsearch=VALUES(globalsearch), listselectionmodel=VALUES(listselectionmodel), sync_view=VALUES(sync_view), syncable=VALUES(syncable), cssstyle=VALUES(cssstyle), alternativeformxtype=VALUES(alternativeformxtype), read_table=   VALUES(read_table), class_name=VALUES(class_name), special_add_panel=VALUES(special_add_panel), existsreal=VALUES(existsreal), character_set_name=VALUES(character_set_name), read_filter=VALUES(read_filter), listxtypeprefix=VALUES(listxtypeprefix), phpexporter=VALUES(phpexporter), phpexporterfilename=VALUES(phpexporterfilename), combined=VALUES(combined), default_pagesize=VALUES(default_pagesize), allowForm=VALUES(allowForm), listviewbaseclass=VALUES(listviewbaseclass), showactionbtn=VALUES(showactionbtn), modelbaseclass=VALUES(modelbaseclass);
INSERT  IGNORE INTO `ds_column` (`table_name`, `column_name`, `default_value`, `default_max_value`, `default_min_value`, `update_value`, `is_primary`, `syncable`, `referenced_table`, `referenced_column_name`, `is_nullable`, `is_referenced`, `writeable`, `note`, `data_type`, `column_key`, `column_type`, `character_maximum_length`, `numeric_precision`, `numeric_scale`, `character_set_name`, `privileges`, `existsreal`, `deferedload`, `hint`, `fieldtype`) VALUES ('view_blocksystem_status','anzahl_blocknumber',NULL,NULL,NULL,NULL,NULL,NULL,NULL,NULL,'NO',NULL,1,NULL,'bigint','','bigint(21)',NULL,19,0,NULL,'select,insert,update,references',1,NULL,NULL,''),('view_blocksystem_status','anzahl_wahlscheine',NULL,NULL,NULL,NULL,NULL,NULL,NULL,NULL,'NO',NULL,1,NULL,'bigint','','bigint(21)',NULL,19,0,NULL,'select,insert,update,references',1,NULL,NULL,''),('view_blocksystem_status','letzte_aenderung',NULL,NULL,NULL,NULL,1,NULL,NULL,NULL,'YES',NULL,1,NULL,'varchar','','varchar(21)',21,NULL,NULL,'utf8mb3','select,insert,update,references',1,NULL,NULL,''),('view_blocksystem_status','name',NULL,NULL,NULL,NULL,1,NULL,NULL,NULL,'YES',NULL,1,NULL,'varchar','','varchar(255)',255,NULL,NULL,'utf8mb3','select,insert,update,references',1,NULL,NULL,''),('view_blocksystem_status','wahlscheinstatus',NULL,NULL,NULL,NULL,NULL,NULL,NULL,NULL,'YES',NULL,1,NULL,'varchar','','varchar(12)',12,NULL,NULL,'utf8mb3','select,insert,update,references',1,NULL,NULL,'');
INSERT  IGNORE INTO `ds_column_list_label` (`table_name`, `column_name`, `language`, `label`, `xtype`, `editor`, `position`, `summaryrenderer`, `renderer`, `summarytype`, `hidden`, `active`, `filterstore`, `grouped`, `flex`, `direction`, `align`, `listfiltertype`, `hint`) VALUES ('view_blocksystem_status','anzahl_blocknumber','DE','Anzahl Blöcke','gridcolumn',NULL,2,NULL,NULL,NULL,0,1,NULL,0,NULL,NULL,NULL,NULL,'NULL'),('view_blocksystem_status','anzahl_wahlscheine','DE','Anzahl Wahlscheine','gridcolumn',NULL,2,NULL,NULL,NULL,0,1,NULL,0,NULL,NULL,NULL,NULL,'NULL'),('view_blocksystem_status','letzte_aenderung','DE','letzte Änderung','datecolumn',NULL,1,NULL,NULL,NULL,0,1,NULL,0,NULL,NULL,NULL,NULL,'NULL'),('view_blocksystem_status','name','DE','Status','gridcolumn',NULL,0,NULL,NULL,NULL,0,1,NULL,0,NULL,NULL,NULL,NULL,'NULL'),('view_blocksystem_status','wahlscheinstatus','DE','Wahlscheinstatus-id','gridcolumn',NULL,4,NULL,NULL,NULL,0,1,NULL,0,NULL,NULL,NULL,NULL,'NULL');
INSERT  IGNORE INTO `ds_column_form_label` (`table_name`, `column_name`, `language`, `label`, `xtype`, `field_path`, `position`, `hidden`, `active`, `allowempty`, `fieldgroup`, `flex`, `hint`) VALUES ('view_blocksystem_status','anzahl_blocknumber','DE','{column_name}','displayfield','Allgemein',0,0,1,NULL,NULL,NULL,'\'\''),('view_blocksystem_status','anzahl_wahlscheine','DE','{column_name}','displayfield','Allgemein',0,0,1,NULL,NULL,NULL,'\'\''),('view_blocksystem_status','letzte_aenderung','DE','{column_name}','displayfield','Allgemein',0,0,1,NULL,NULL,NULL,'\'\''),('view_blocksystem_status','name','DE','{column_name}','displayfield','Allgemein',0,0,1,NULL,NULL,NULL,'\'\''),('view_blocksystem_status','wahlscheinstatus','DE','{column_name}','displayfield','Allgemein',0,0,1,NULL,NULL,NULL,'\'\'');
INSERT  IGNORE INTO `ds_access` (`role`, `table_name`, `read`, `write`, `delete`, `append`, `existsreal`) VALUES ('administration','view_blocksystem_status',1,NULL,NULL,NULL,NULL);

DELIMITER ;
INSERT INTO `ds` (`table_name`, `title`, `reorderfield`, `use_history`, `searchfield`, `displayfield`, `sortfield`, `searchany`, `hint`, `overview_tpl`, `sync_table`, `writetable`, `globalsearch`, `listselectionmodel`, `sync_view`, `syncable`, `cssstyle`, `alternativeformxtype`, `read_table`, `class_name`, `special_add_panel`, `existsreal`, `character_set_name`, `read_filter`, `listxtypeprefix`, `phpexporter`, `phpexporterfilename`, `combined`, `default_pagesize`, `allowForm`, `listviewbaseclass`, `showactionbtn`, `modelbaseclass`) VALUES ('view_blocksystem_status_blocks','Blocksystem: Blockübersicht',NULL,NULL,'blocknumber','blocknumber','blocknumber',NULL,NULL,NULL,NULL,NULL,NULL,'cellmodel',NULL,NULL,NULL,NULL,NULL,'Wahlsystem',NULL,1,NULL,NULL,NULL,'XlsxWriter','view_blocksystem_status_blocks-{DATE}',0,1000,1,'Tualo.DataSets.ListView',1,'Tualo.DataSets.model.Basic') ON DUPLICATE KEY UPDATE title=VALUES(title), reorderfield=VALUES(reorderfield), use_history=VALUES(use_history), searchfield=VALUES(searchfield), displayfield=VALUES(displayfield), sortfield=VALUES(sortfield), searchany=VALUES(searchany), hint=VALUES(hint), overview_tpl=VALUES(overview_tpl), sync_table=VALUES(sync_table), writetable=VALUES(writetable), globalsearch=VALUES(globalsearch), listselectionmodel=VALUES(listselectionmodel), sync_view=VALUES(sync_view), syncable=VALUES(syncable), cssstyle=VALUES(cssstyle), alternativeformxtype=VALUES(alternativeformxtype), read_table=   VALUES(read_table), class_name=VALUES(class_name), special_add_panel=VALUES(special_add_panel), existsreal=VALUES(existsreal), character_set_name=VALUES(character_set_name), read_filter=VALUES(read_filter), listxtypeprefix=VALUES(listxtypeprefix), phpexporter=VALUES(phpexporter), phpexporterfilename=VALUES(phpexporterfilename), combined=VALUES(combined), default_pagesize=VALUES(default_pagesize), allowForm=VALUES(allowForm), listviewbaseclass=VALUES(listviewbaseclass), showactionbtn=VALUES(showactionbtn), modelbaseclass=VALUES(modelbaseclass);
INSERT  IGNORE INTO `ds_column` (`table_name`, `column_name`, `default_value`, `default_max_value`, `default_min_value`, `update_value`, `is_primary`, `syncable`, `referenced_table`, `referenced_column_name`, `is_nullable`, `is_referenced`, `writeable`, `note`, `data_type`, `column_key`, `column_type`, `character_maximum_length`, `numeric_precision`, `numeric_scale`, `character_set_name`, `privileges`, `existsreal`, `deferedload`, `hint`, `fieldtype`) VALUES ('view_blocksystem_status_blocks','anzahl_wahlscheine',NULL,NULL,NULL,NULL,NULL,NULL,NULL,NULL,'NO',NULL,1,NULL,'bigint','','bigint(21)',NULL,19,0,NULL,'select,insert,update,references',1,NULL,NULL,''),('view_blocksystem_status_blocks','blocknumber',NULL,NULL,NULL,NULL,NULL,NULL,NULL,NULL,'YES',NULL,1,NULL,'varchar','','varchar(30)',30,NULL,NULL,'utf8mb3','select,insert,update,references',1,NULL,NULL,''),('view_blocksystem_status_blocks','id',NULL,NULL,NULL,NULL,1,NULL,NULL,NULL,'YES',NULL,1,NULL,'varchar','','varchar(42)',42,NULL,NULL,'utf8mb3','select,insert,update,references',1,NULL,NULL,''),('view_blocksystem_status_blocks','letzte_aenderung',NULL,NULL,NULL,NULL,NULL,NULL,NULL,NULL,'YES',NULL,1,NULL,'varchar','','varchar(21)',21,NULL,NULL,'utf8mb3','select,insert,update,references',1,NULL,NULL,''),('view_blocksystem_status_blocks','name',NULL,NULL,NULL,NULL,NULL,NULL,NULL,NULL,'YES',NULL,1,NULL,'varchar','','varchar(255)',255,NULL,NULL,'utf8mb3','select,insert,update,references',1,NULL,NULL,''),('view_blocksystem_status_blocks','wahlscheinstatus',NULL,NULL,NULL,NULL,NULL,NULL,NULL,NULL,'YES',NULL,1,NULL,'varchar','','varchar(12)',12,NULL,NULL,'utf8mb3','select,insert,update,references',1,NULL,NULL,'');
INSERT  IGNORE INTO `ds_column_list_label` (`table_name`, `column_name`, `language`, `label`, `xtype`, `editor`, `position`, `summaryrenderer`, `renderer`, `summarytype`, `hidden`, `active`, `filterstore`, `grouped`, `flex`, `direction`, `align`, `listfiltertype`, `hint`) VALUES ('view_blocksystem_status_blocks','anzahl_wahlscheine','DE','Anzahl der Wahlscheine','gridcolumn',NULL,3,NULL,NULL,NULL,0,1,NULL,0,NULL,NULL,NULL,NULL,'NULL'),('view_blocksystem_status_blocks','blocknumber','DE','Blocknumber','gridcolumn',NULL,0,NULL,NULL,NULL,0,1,NULL,0,NULL,NULL,NULL,NULL,'NULL'),('view_blocksystem_status_blocks','id','DE','ID','gridcolumn',NULL,5,NULL,NULL,NULL,1,1,NULL,0,NULL,NULL,NULL,NULL,'NULL'),('view_blocksystem_status_blocks','letzte_aenderung','DE','letze Änderung','gridcolumn',NULL,4,NULL,NULL,NULL,0,1,NULL,0,NULL,NULL,NULL,NULL,'NULL'),('view_blocksystem_status_blocks','name','DE','Status','gridcolumn',NULL,2,NULL,NULL,NULL,0,1,NULL,0,NULL,NULL,NULL,NULL,'NULL'),('view_blocksystem_status_blocks','wahlscheinstatus','DE','Wahlscheinstatus','gridcolumn',NULL,1,NULL,NULL,NULL,1,1,NULL,0,NULL,NULL,NULL,NULL,'NULL');
INSERT  IGNORE INTO `ds_column_form_label` (`table_name`, `column_name`, `language`, `label`, `xtype`, `field_path`, `position`, `hidden`, `active`, `allowempty`, `fieldgroup`, `flex`, `hint`) VALUES ('view_blocksystem_status_blocks','anzahl_wahlscheine','DE','{column_name}','displayfield','Allgemein',0,0,1,NULL,NULL,NULL,'\'\''),('view_blocksystem_status_blocks','blocknumber','DE','{column_name}','displayfield','Allgemein',0,0,1,NULL,NULL,NULL,'\'\''),('view_blocksystem_status_blocks','id','DE','{column_name}','displayfield','Allgemein',0,0,1,NULL,NULL,NULL,'\'\''),('view_blocksystem_status_blocks','letzte_aenderung','DE','{column_name}','displayfield','Allgemein',0,0,1,NULL,NULL,NULL,'\'\''),('view_blocksystem_status_blocks','name','DE','{column_name}','displayfield','Allgemein',0,0,1,NULL,NULL,NULL,'\'\''),('view_blocksystem_status_blocks','wahlscheinstatus','DE','{column_name}','displayfield','Allgemein',0,0,1,NULL,NULL,NULL,'\'\'');
INSERT  IGNORE INTO `ds_access` (`role`, `table_name`, `read`, `write`, `delete`, `append`, `existsreal`) VALUES ('administration','view_blocksystem_status_blocks',1,NULL,NULL,NULL,NULL);
INSERT  IGNORE INTO `ds_renderer` (`table_name`, `pug_template`, `label`, `orientation`, `useremote`) VALUES ('view_blocksystem_status_blocks','wm_berichte_blocksystem_wrapper','PDF','',0);


DELIMITER ;
INSERT INTO `ds` (`table_name`, `title`, `reorderfield`, `use_history`, `searchfield`, `displayfield`, `sortfield`, `searchany`, `hint`, `overview_tpl`, `sync_table`, `writetable`, `globalsearch`, `listselectionmodel`, `sync_view`, `syncable`, `cssstyle`, `alternativeformxtype`, `read_table`, `class_name`, `special_add_panel`, `existsreal`, `character_set_name`, `read_filter`, `listxtypeprefix`, `phpexporter`, `phpexporterfilename`, `combined`, `default_pagesize`, `allowForm`, `listviewbaseclass`, `showactionbtn`, `modelbaseclass`) VALUES ('view_blocksystem_status_blocks_wahlscheine','Blocksystem: Wahlscheine',NULL,NULL,'wahlscheinnummer','wahlscheinnummer','blocknumber',NULL,NULL,NULL,NULL,NULL,NULL,'rowmodel',NULL,NULL,NULL,NULL,NULL,'Wahlsystem',NULL,1,NULL,NULL,NULL,'XlsxWriter','view_blocksystem_status_blocks_wahlscheine-{DATE} ',0,1000,1,'Tualo.DataSets.ListView',1,'Tualo.DataSets.model.Basic') ON DUPLICATE KEY UPDATE title=VALUES(title), reorderfield=VALUES(reorderfield), use_history=VALUES(use_history), searchfield=VALUES(searchfield), displayfield=VALUES(displayfield), sortfield=VALUES(sortfield), searchany=VALUES(searchany), hint=VALUES(hint), overview_tpl=VALUES(overview_tpl), sync_table=VALUES(sync_table), writetable=VALUES(writetable), globalsearch=VALUES(globalsearch), listselectionmodel=VALUES(listselectionmodel), sync_view=VALUES(sync_view), syncable=VALUES(syncable), cssstyle=VALUES(cssstyle), alternativeformxtype=VALUES(alternativeformxtype), read_table=   VALUES(read_table), class_name=VALUES(class_name), special_add_panel=VALUES(special_add_panel), existsreal=VALUES(existsreal), character_set_name=VALUES(character_set_name), read_filter=VALUES(read_filter), listxtypeprefix=VALUES(listxtypeprefix), phpexporter=VALUES(phpexporter), phpexporterfilename=VALUES(phpexporterfilename), combined=VALUES(combined), default_pagesize=VALUES(default_pagesize), allowForm=VALUES(allowForm), listviewbaseclass=VALUES(listviewbaseclass), showactionbtn=VALUES(showactionbtn), modelbaseclass=VALUES(modelbaseclass);
INSERT  IGNORE INTO `ds_column` (`table_name`, `column_name`, `default_value`, `default_max_value`, `default_min_value`, `update_value`, `is_primary`, `syncable`, `referenced_table`, `referenced_column_name`, `is_nullable`, `is_referenced`, `writeable`, `note`, `data_type`, `column_key`, `column_type`, `character_maximum_length`, `numeric_precision`, `numeric_scale`, `character_set_name`, `privileges`, `existsreal`, `deferedload`, `hint`, `fieldtype`) VALUES ('view_blocksystem_status_blocks_wahlscheine','blocknumber',NULL,NULL,NULL,NULL,0,NULL,NULL,NULL,'YES',NULL,1,NULL,'varchar','','varchar(30)',30,NULL,NULL,'utf8mb3','select,insert,update,references',1,NULL,NULL,''),('view_blocksystem_status_blocks_wahlscheine','blocks_id',NULL,NULL,NULL,NULL,1,NULL,NULL,NULL,'YES',NULL,1,NULL,'varchar','','varchar(42)',42,NULL,NULL,'utf8mb3','select,insert,update,references',1,NULL,NULL,''),('view_blocksystem_status_blocks_wahlscheine','id',NULL,NULL,NULL,NULL,NULL,NULL,NULL,NULL,'NO',NULL,1,NULL,'bigint','','bigint(20)',NULL,19,0,NULL,'select,insert,update,references',1,NULL,NULL,''),('view_blocksystem_status_blocks_wahlscheine','identnummer',NULL,NULL,NULL,NULL,NULL,NULL,NULL,NULL,'YES',NULL,1,NULL,'varchar','','varchar(255)',255,NULL,NULL,'utf8mb3','select,insert,update,references',1,NULL,NULL,''),('view_blocksystem_status_blocks_wahlscheine','letzte_aenderung',NULL,NULL,NULL,NULL,NULL,NULL,NULL,NULL,'YES',NULL,1,NULL,'varchar','','varchar(21)',21,NULL,NULL,'utf8mb3','select,insert,update,references',1,NULL,NULL,''),('view_blocksystem_status_blocks_wahlscheine','name',NULL,NULL,NULL,NULL,NULL,NULL,NULL,NULL,'YES',NULL,1,NULL,'varchar','','varchar(255)',255,NULL,NULL,'utf8mb3','select,insert,update,references',1,NULL,NULL,''),('view_blocksystem_status_blocks_wahlscheine','stimmzettel',NULL,NULL,NULL,NULL,NULL,NULL,NULL,NULL,'YES',NULL,1,NULL,'varchar','','varchar(255)',255,NULL,NULL,'utf8mb3','select,insert,update,references',1,NULL,NULL,''),('view_blocksystem_status_blocks_wahlscheine','wahlscheinnummer',NULL,NULL,NULL,NULL,NULL,NULL,NULL,NULL,'YES',NULL,1,NULL,'varchar','','varchar(255)',255,NULL,NULL,'utf8mb3','select,insert,update,references',1,NULL,NULL,''),('view_blocksystem_status_blocks_wahlscheine','wahlscheinstatus',NULL,NULL,NULL,NULL,NULL,NULL,NULL,NULL,'YES',NULL,1,NULL,'varchar','','varchar(12)',12,NULL,NULL,'utf8mb3','select,insert,update,references',1,NULL,NULL,'');
INSERT  IGNORE INTO `ds_column_list_label` (`table_name`, `column_name`, `language`, `label`, `xtype`, `editor`, `position`, `summaryrenderer`, `renderer`, `summarytype`, `hidden`, `active`, `filterstore`, `grouped`, `flex`, `direction`, `align`, `listfiltertype`, `hint`) VALUES ('view_blocksystem_status_blocks_wahlscheine','blocknumber','DE','Blocknumber','gridcolumn',NULL,2,NULL,NULL,NULL,0,1,NULL,0,NULL,NULL,NULL,NULL,'NULL'),('view_blocksystem_status_blocks_wahlscheine','blocks_id','DE','Block-ID','gridcolumn',NULL,0,NULL,NULL,NULL,0,1,NULL,0,NULL,NULL,NULL,NULL,'NULL'),('view_blocksystem_status_blocks_wahlscheine','id','DE','Wahlschein-ID','gridcolumn',NULL,5,NULL,NULL,NULL,0,1,NULL,0,NULL,NULL,NULL,NULL,'NULL'),('view_blocksystem_status_blocks_wahlscheine','identnummer','DE','Identnummer','gridcolumn',NULL,3,NULL,NULL,NULL,0,1,NULL,0,NULL,NULL,NULL,NULL,'NULL'),('view_blocksystem_status_blocks_wahlscheine','letzte_aenderung','DE','letzte Änderung','gridcolumn',NULL,8,NULL,NULL,NULL,0,1,NULL,0,NULL,NULL,NULL,NULL,'NULL'),('view_blocksystem_status_blocks_wahlscheine','name','DE','Status','gridcolumn',NULL,6,NULL,NULL,NULL,0,1,NULL,0,NULL,NULL,NULL,NULL,'NULL'),('view_blocksystem_status_blocks_wahlscheine','stimmzettel','DE','Stimmzettel','gridcolumn',NULL,7,NULL,NULL,NULL,0,1,NULL,0,NULL,NULL,NULL,NULL,'NULL'),('view_blocksystem_status_blocks_wahlscheine','wahlscheinnummer','DE','Wahlscheinnummer','gridcolumn',NULL,4,NULL,NULL,NULL,0,1,NULL,0,NULL,NULL,NULL,NULL,'NULL'),('view_blocksystem_status_blocks_wahlscheine','wahlscheinstatus','DE','Wahlscheinstatus-id','gridcolumn',NULL,1,NULL,NULL,NULL,0,1,NULL,0,NULL,NULL,NULL,NULL,'NULL');
INSERT  IGNORE INTO `ds_access` (`role`, `table_name`, `read`, `write`, `delete`, `append`, `existsreal`) VALUES ('administration','view_blocksystem_status_blocks_wahlscheine',1,NULL,NULL,NULL,NULL);
INSERT  IGNORE INTO `ds_renderer` (`table_name`, `pug_template`, `label`, `orientation`, `useremote`) VALUES ('view_blocksystem_status_blocks_wahlscheine','wm_berichte_blocksystem_wrapper','PDF','',0);
